{
  "lat_min": 33.52901649475098,
  "lat_max": 33.53594970703125,
  "long_min": -86.62442779541016,
  "long_max": -86.61439514160156,
  "center_lat": 33.53249809389211,
  "center_long": -86.61915093566158
}