{
  "lat_min": 0.0,
  "lat_max": 61.46557807922363,
  "long_min": -123.74568261040582,
  "long_max": 0.0,
  "center_lat": 39.787274891592965,
  "center_long": -86.2109350616811
}