{
  "Barber": {
    "path": [
      [0.42, 0.38],
      [0.46, 0.34],
      [0.52, 0.28],
      [0.58, 0.22],
      [0.64, 0.18],
      [0.70, 0.16],
      [0.74, 0.18],
      [0.76, 0.22],
      [0.74, 0.28],
      [0.70, 0.32],
      [0.64, 0.34],
      [0.58, 0.36],
      [0.52, 0.38],
      [0.48, 0.40],
      [0.50, 0.44],
      [0.56, 0.46],
      [0.64, 0.48],
      [0.72, 0.48],
      [0.80, 0.46],
      [0.86, 0.42],
      [0.90, 0.36],
      [0.88, 0.30],
      [0.82, 0.28],
      [0.74, 0.30],
      [0.66, 0.34],
      [0.58, 0.40],
      [0.50, 0.48],
      [0.42, 0.56],
      [0.32, 0.66],
      [0.22, 0.76],
      [0.14, 0.82],
      [0.10, 0.80],
      [0.10, 0.72],
      [0.14, 0.64],
      [0.22, 0.54],
      [0.30, 0.46],
      [0.36, 0.40],
      [0.42, 0.38]
    ],
    "startLine": [0.42, 0.38],
    "bounds": {
      "lat_min": 0,
      "lat_max": 1,
      "long_min": 0,
      "long_max": 1
    }
  },
  "Indianapolis": {
    "path": [
      [0.55, 0.193548],
      [0.6, 0.16129],
      [0.7, 0.148387],
      [0.8, 0.16129],
      [0.85, 0.193548],
      [0.88, 0.258065],
      [0.9, 0.387097],
      [0.92, 0.516129],
      [0.92, 0.645161],
      [0.9, 0.741935],
      [0.85, 0.806452],
      [0.78, 0.851613],
      [0.68, 0.890323],
      [0.55, 0.916129],
      [0.42, 0.935484],
      [0.32, 0.916129],
      [0.25, 0.870968],
      [0.22, 0.806452],
      [0.22, 0.709677],
      [0.25, 0.645161],
      [0.32, 0.612903],
      [0.42, 0.593548],
      [0.52, 0.580645],
      [0.6, 0.548387],
      [0.62, 0.503226],
      [0.6, 0.43871],
      [0.55, 0.374194],
      [0.5, 0.309677],
      [0.48, 0.245161],
      [0.5, 0.206452],
      [0.55, 0.193548]
    ],
    "startLine": [0.55, 0.193548],
    "bounds": {
      "lat_min": 0,
      "lat_max": 1,
      "long_min": 0,
      "long_max": 1
    }
  }
}
